date,hour,temp_c,pollen_index,wind_kph,symptoms,went_out
2026-09-27,9,21.4,3,6.8,2,1
2026-09-20,18,24.8,3,4.8,0,1
2026-09-27,17,25.9,3,8.2,1,1
2026-09-20,8,21.9,1,16.4,0,1
2026-09-27,12,25.5,1,14.2,0,1
2026-09-21,7,18.7,4,4.0,2,1
2026-09-27,16,24.4,2,11.6,0,1
2026-09-28,8,21.7,4,5.5,1,1
2026-10-04,17,23.7,1,11.5,0,1
2026-09-28,7,21.3,3,15.8,3,1
2026-09-28,18,23.6,3,10.6,0,1
2026-10-03,18,23.6,4,7.5,2,1
2026-10-04,15,26.0,1,8.7,0,1
2026-10-04,8,20.5,3,14.2,3,1
2026-09-21,15,27.4,2,14.6,0,1
2026-10-03,8,22.7,4,15.0,0,1
2026-10-03,7,19.7,3,10.3,2,1
2026-09-28,16,26.8,3,15.1,3,1
2026-09-21,17,24.1,3,11.4,0,1
2026-10-04,18,24.7,2,4.8,1,1
2026-09-28,9,22.2,2,5.8,3,1
2026-09-27,7,20.9,4,11.7,1,1
2026-09-21,12,25.7,3,16.2,3,1
2026-10-03,15,26.8,1,11.0,1,1
2026-09-20,17,23.4,3,6.8,0,1
2026-09-20,15,26.8,2,15.4,0,1
2026-09-20,12,24.6,1,5.0,0,1
2026-09-28,17,23.2,4,11.2,3,1
2026-09-27,8,21.6,2,15.7,3,1
2026-09-20,16,25.4,1,16.0,0,1
2026-10-04,16,25.3,3,6.5,1,1
2026-10-03,16,27.1,2,15.8,0,1
2026-09-28,12,24.3,1,9.7,0,1
2026-10-03,17,24.1,2,7.4,0,1
2026-10-04,12,25.8,0,13.0,0,1
2026-09-20,7,20.1,3,15.9,2,1
2026-10-04,9,23.0,1,13.4,1,1
2026-10-04,7,19.9,2,10.0,2,1
2026-09-27,15,26.8,1,10.1,0,1
2026-10-03,12,26.0,2,5.7,0,1
2026-09-20,9,22.4,2,11.1,2,1
2026-09-21,18,23.7,1,16.6,1,1
2026-09-21,8,19.9,2,12.4,2,1
2026-09-28,15,27.5,1,13.5,0,1
2026-09-27,18,22.7,4,9.4,3,1
2026-09-21,16,26.8,3,4.9,0,1
2026-10-03,9,22.5,3,6.1,1,1
2026-09-21,9,23.4,1,4.5,1,1
